"","Record","custid","SUBSCRIBE","Disc","DA_Income","DA_Under20","DA_Over60","DA_Single","NumDeliv","NumMeals","MealsPerDeliv","Healthy","Veggie","Meaty","Special"
"1",1,1309346,0.0254049262306148,"Senior",57.5,137,105,27,23,46,2,9,26,10,1
"2",2,2871764,0.011590718520715,NA,73.7,65,186,17,14,14,1,2,1,0,11
"3",4,3013411,0.949354088121582,"Senior",101.9,236,98,39,47,47,1,2,10,31,4
"4",9,1995616,0.257171540437081,"Adult",81.5,51,257,51,30,60,2,9,17,17,17
"5",10,1306166,0.106704767830819,"Adult",63.9,185,223,43,17,51,3,28,5,5,13
"6",13,2148328,0.0159602782930623,NA,57.6,229,147,12,25,50,2,12,2,29,7
"7",16,1451760,0.14814375459844,"Adult",69.1,290,144,66,35,70,2,2,3,21,44
"8",17,1814758,0.0305844006545381,NA,69.7,156,124,36,30,60,2,28,3,19,10
"9",19,2748637,0.0372778581306798,"Senior",86.4,210,124,72,25,25,1,11,0,3,11
"10",20,3156128,0.101390807287706,"Adult",81.9,299,162,60,14,42,3,37,4,0,1
"11",28,2309600,0.00993811762096606,"Senior",40.6,80,219,45,23,46,2,33,1,0,12
"12",29,1406463,0.0272587189100931,"Adult",60.4,127,90,26,27,54,2,8,23,1,22
"13",34,1406081,0.0417702826128588,"Adult",68.9,195,192,33,26,26,1,4,9,13,0
"14",35,1122253,0.00773618840273063,"Adult",42.5,313,132,12,18,54,3,10,0,3,41
"15",39,2543198,0.292443069445104,"Adult",92,167,145,72,31,93,3,8,16,7,62
"16",41,1398613,0.0376881707293491,NA,66.7,178,187,70,14,28,2,3,0,14,11
"17",42,3128389,0.00374686251636195,NA,64.9,222,101,48,19,38,2,1,0,4,33
"18",43,2557964,0.086140332027552,NA,83.9,154,269,25,28,56,2,23,3,9,21
"19",46,2370414,0.0201928757331157,NA,55.9,332,281,63,19,38,2,12,0,1,25
"20",52,2209558,0.149000681323368,"Adult",NA,88,NA,NA,14,28,2,5,8,0,15
"21",53,2652116,0.0136672752052773,NA,76.8,157,146,56,19,38,2,22,1,8,7
"22",64,2070849,0.087124661847217,"Adult",70.6,170,122,10,15,30,2,14,7,2,7
"23",65,1208446,0.0155045496860713,"Senior",55.1,132,109,16,12,24,2,7,1,9,7
"24",68,1372125,0.174293170053968,"Adult",99.3,234,216,19,19,38,2,26,2,5,5
"25",75,3018625,0.0411478744840831,"Student",44.9,153,180,19,29,87,3,69,7,10,1
"26",76,1586504,0.0941097875436342,"Adult",75.8,312,163,32,18,36,2,5,2,8,21
"27",79,1187375,0.00909226040177118,NA,71.5,226,145,58,20,40,2,17,1,0,22
"28",87,3154740,0.0896690963899316,"Adult",91.3,193,163,55,26,78,3,3,12,10,53
"29",91,1904560,0.0206060745270086,"Adult",59.1,131,191,23,29,87,3,16,1,12,58
"30",92,3010517,0.691849769411228,"Adult",94.2,213,131,59,37,74,2,32,12,29,1
"31",93,1306360,0.0612707763514035,"Adult",93.2,114,147,5,19,38,2,1,5,13,19
"32",98,1984450,0.0157326808444468,"Adult",58.5,69,94,28,15,30,2,14,2,14,0
"33",100,2935091,0.210615332978448,NA,60.5,115,147,34,35,70,2,6,7,3,54
"34",101,2858435,0.0309798689279708,"Senior",57.6,106,167,63,16,32,2,1,2,8,21
"35",103,1376511,0.0434570991879184,"Adult",51.8,353,106,34,26,52,2,18,0,14,20
"36",105,1674084,0.0159644835066795,"Adult",56.9,212,159,34,21,21,1,3,6,12,0
"37",114,2253315,0.102123658451287,"Adult",57,239,229,51,13,39,3,0,4,14,21
"38",116,1744045,0.0459003030737505,"Adult",62.1,180,186,26,13,26,2,2,0,5,19
"39",120,1367227,0.480249859313662,"Senior",66.5,203,130,91,12,36,3,10,8,4,14
"40",123,1389680,0.105277442265611,"Student",65.7,367,99,35,32,96,3,54,1,8,33
"41",130,2748516,0.391247015734097,"Adult",63.5,302,87,74,34,68,2,13,17,1,37
"42",131,2591443,0.0519608305317065,"Adult",71.2,184,129,85,21,42,2,1,6,0,35
"43",135,2088984,0.413360186637905,NA,76.1,339,182,42,20,40,2,6,2,6,26
"44",142,2096320,0.0379360431983149,"Senior",93.5,70,171,60,12,12,1,10,0,1,1
"45",144,3238285,0.00864149446133737,"Adult",60.7,219,232,25,20,40,2,0,1,0,39
"46",147,1205389,0.576507799894272,"Adult",111.7,290,209,2,11,22,2,7,6,2,7
"47",148,2329563,0.0316264120856294,"Adult",70.3,236,113,70,13,26,2,18,0,8,0
"48",152,2017007,0.400378471613225,NA,69.6,290,268,31,38,76,2,6,3,64,3
"49",155,2042380,0.655731570572713,"Senior",40.3,251,276,60,41,25,0.609756098,8,0,9,8
"50",157,3153593,0.0603048721614607,NA,90,196,150,26,9,9,1,2,1,4,2
"51",159,2711854,0.0159552724920698,"Adult",42.3,165,149,33,24,48,2,19,6,21,2
"52",169,2879346,0.00432994092161829,"Adult",NA,298,NA,NA,19,19,1,0,0,0,19
"53",170,2579392,0.0097794637387556,"Senior",74.2,203,119,37,14,14,1,7,0,0,7
"54",171,2463328,0.393878431086799,"Adult",116.2,312,183,45,10,30,3,3,0,8,19
"55",172,1111150,0.0173195967152763,"Adult",72.1,198,130,33,28,56,2,2,1,25,28
"56",173,1185496,0.0259835071848788,"Adult",79.1,162,230,69,13,13,1,1,0,0,12
"57",176,1844194,0.0919608623595088,"Adult",69.3,229,201,62,21,63,3,51,9,2,1
"58",178,3057821,0.0222099166355599,NA,111.5,283,124,38,10,10,1,1,0,2,7
"59",182,2738686,0.457079328864449,NA,89.7,262,128,26,9,18,2,2,2,3,11
"60",186,2594084,0.323979632710311,"Adult",66.8,252,182,30,33,66,2,4,12,11,39
"61",190,2587495,0.00193956892644584,NA,51.5,155,102,64,25,25,1,0,3,8,14
"62",191,2587949,0.206871160457497,NA,66.5,291,186,38,11,22,2,2,2,3,15
"63",192,3269578,0.0147535564341702,NA,78,270,155,44,19,38,2,0,4,1,33
"64",193,1783414,0.0241988784423313,NA,55.4,186,159,26,28,56,2,23,9,22,2
"65",194,2286679,0.338876699689736,"Adult",86.6,134,171,40,34,68,2,26,7,14,21
"66",196,2543629,0.333184417585402,"Adult",49,310,123,41,8,16,2,5,0,1,10
"67",197,3203520,0.260668830413677,"Senior",98.8,263,149,11,12,24,2,2,13,6,3
"68",203,1209808,0.0329529604525955,"Adult",101.7,150,76,29,28,56,2,0,13,8,35
"69",204,2997846,0.0114168405739106,"Student",63.4,11,90,46,25,50,2,5,3,1,41
"70",207,2043555,0.01371609009479,"Adult",83.3,186,141,40,15,15,1,9,0,4,2
"71",211,1704436,0.0256355187583997,"Adult",66.7,143,110,38,16,48,3,27,2,0,19
"72",214,2266983,0.0141071473709463,"Adult",42.6,183,204,19,25,50,2,2,4,3,41
"73",215,2236042,0.0517372423768904,NA,89.8,288,179,11,29,58,2,5,15,29,9
"74",221,3023222,0.0139043472992464,NA,35.3,295,201,50,14,28,2,20,0,3,5
"75",229,2323662,0.0479276026947019,"Adult",73.9,192,140,53,21,42,2,1,2,23,16
"76",231,2026004,0.00449371962567175,"Adult",50.3,254,124,18,18,18,1,7,1,0,10
"77",232,1731712,0.00348236748167422,"Adult",12.2,162,175,6,21,42,2,31,1,10,0
"78",233,3234473,0.0119167856582267,"Adult",57.2,58,187,39,21,21,1,1,1,1,18
"79",239,2797150,0.601201248288701,"Adult",91.9,135,179,51,37,74,2,25,5,16,28
"80",240,1206880,0.0819708678456655,"Adult",69.9,230,140,13,14,28,2,3,1,10,14
"81",251,1784858,0.367592011182169,NA,72.7,284,172,34,9,18,2,4,0,2,12
"82",252,2934062,0.1583405999234,"Adult",78.1,147,96,84,12,36,3,4,3,25,4
"83",254,3269235,0.176965871902847,"Student",65,182,287,31,35,70,2,23,0,25,22
"84",260,2467130,0.529433888098062,"Senior",61.5,309,163,22,10,20,2,4,8,3,5
"85",265,2338960,0.146789278744463,NA,104.4,204,195,14,15,30,2,1,10,11,8
"86",267,2002276,0.0890349688729448,"Senior",NA,237,NA,NA,34,34,1,20,1,3,10
"87",271,2307440,0.0171010295362788,"Senior",64.8,45,155,20,13,39,3,24,0,7,8
"88",274,2529351,0.133173847281989,"Student",123,58,80,93,17,51,3,2,3,13,33
"89",280,1551926,0.00801004398833711,NA,88.4,245,120,1,13,13,1,0,1,0,12
"90",281,2830558,0.0180211441586161,NA,78,220,162,49,21,42,2,22,0,9,11
"91",282,3060798,0.420538956133078,"Adult",61.8,250,180,32,8,16,2,2,0,0,14
"92",292,2015771,0.00881508638422504,"Adult",77.5,51,157,18,16,32,2,1,0,12,19
"93",294,3013256,0.0175162049610739,"Adult",41.5,290,140,73,26,52,2,18,0,3,31
"94",296,3181093,0.265317330939306,"Adult",72.7,239,129,63,34,102,3,14,11,9,68
"95",304,1450533,0.706544943208175,"Adult",62.3,119,186,21,9,27,3,6,4,5,12
"96",313,1118240,0.0697968690809593,"Adult",60.9,243,147,48,14,28,2,14,3,7,4
"97",315,2246749,0.0604825598556765,"Adult",69.3,234,164,46,30,90,3,74,3,13,0
"98",316,2796083,0.0273364821005215,"Senior",91.4,218,108,64,12,24,2,11,4,0,9
"99",318,2813659,0.205784338323417,NA,67.6,350,134,46,24,72,3,2,11,50,9
"100",319,2340027,0.0548677636671374,NA,44.1,119,195,61,35,70,2,3,5,13,49
"101",320,1199872,0.0506531427451623,"Adult",79.9,266,133,33,10,10,1,2,0,3,5
"102",323,3028737,0.184625810907831,NA,86.3,150,137,28,6,12,2,1,1,0,10
"103",324,1453886,0.155714172867932,"Adult",32.6,116,180,62,9,18,2,16,1,1,0
"104",328,1911639,0.421223882433754,"Adult",73.4,341,115,4,18,36,2,13,13,10,0
"105",330,2722710,0.446829658388685,"Student",83.6,81,134,1,11,22,2,0,2,4,16
"106",339,1388525,0.597527532406629,NA,63,137,157,21,40,80,2,1,6,16,57
"107",342,3262315,0.00897649361679033,"Senior",48.7,264,96,36,26,26,1,6,12,2,6
"108",343,1769533,0.0120873097709063,NA,74.9,179,141,66,26,78,3,13,2,7,56
"109",345,2380359,0.0144924950337422,"Adult",24.7,180,288,54,14,14,1,0,0,1,13
"110",350,1228147,0.0382156909651648,"Student",107.7,260,139,16,16,16,1,0,0,3,13
"111",353,2701468,0.0341957564369766,"Adult",77.6,178,105,57,19,38,2,21,5,9,3
"112",361,1335296,0.639522818706827,"Adult",18.2,133,104,37,41,82,2,27,6,34,15
"113",363,1133807,0.0280105106976286,"Senior",57.3,297,129,24,22,66,3,27,5,27,7
"114",365,2396195,0.11880720485543,NA,66.6,151,223,48,16,32,2,11,10,1,10
"115",366,1795216,0.0470570169557973,"Adult",82.2,240,108,49,27,81,3,40,10,27,4
"116",369,1425273,0.0305503787442122,"Adult",58.5,214,177,28,31,31,1,16,2,13,0
"117",370,2823767,0.8185564330681,"Senior",42.7,364,133,38,40,120,3,46,4,21,49
"118",373,2158940,0.0451657473850431,"Adult",53.5,359,112,63,27,81,3,63,0,18,0
"119",376,1931664,0.0505612132567191,"Adult",69.8,235,157,100,14,14,1,5,1,0,8
"120",378,1938645,0.0554197901563922,NA,67.1,115,161,39,7,7,1,0,0,5,2
"121",382,1348998,0.158328049070277,"Adult",92.2,107,176,60,15,30,2,17,5,6,2
"122",384,1759995,0.169569371041637,"Adult",73.3,233,129,39,13,26,2,5,4,2,15
"123",385,3297151,0.0222600167410248,NA,93.1,133,140,31,25,50,2,2,2,23,23
"124",391,2350118,0.0185733932176545,"Adult",96.5,200,194,44,16,16,1,6,1,0,9
"125",392,2877883,0.193504827590615,"Adult",82.3,263,138,89,10,10,1,7,2,0,1
"126",396,2323327,0.00288579839820237,"Adult",51.5,278,162,62,24,24,1,20,0,4,0
"127",397,1954551,0.0928630119889688,NA,101.9,265,172,15,20,40,2,26,2,1,11
"128",401,3031627,0.982539005828363,"Student",91.5,173,115,48,47,94,2,5,7,13,69
"129",405,2290716,0.0152225430209898,"Adult",61.7,239,116,9,18,36,2,8,1,7,20
"130",412,3270551,0.104156807401418,"Senior",83.1,149,119,46,21,42,2,21,3,3,15
"131",413,2252500,0.546190660458434,"Adult",92.5,110,109,65,8,16,2,3,8,4,1
"132",419,2433090,0.00181433994771913,NA,41.4,265,99,29,18,36,2,9,0,10,17
"133",424,2548112,0.0164481793666565,"Adult",34.8,283,194,29,17,34,2,17,0,4,13
"134",425,2499157,0.0546905194369263,"Senior",81.4,151,223,32,27,27,1,7,7,0,13
"135",428,1736273,0.03006921554825,"Adult",54.4,62,194,19,19,38,2,1,2,3,32
"136",433,2525111,0.0507132966943255,"Adult",39.4,176,287,34,14,42,3,31,4,2,5
"137",439,1735553,0.00813245081603871,"Senior",57,278,131,14,21,21,1,8,3,10,0
"138",442,1521200,0.896522100176949,"Adult",105.5,234,142,31,48,48,1,0,0,2,46
"139",449,1977504,0.263366427763065,"Adult",74.7,249,153,86,15,30,2,17,4,8,1
"140",450,2164529,0.0379349180151569,NA,23.1,111,195,49,33,99,3,3,28,21,47
"141",451,2096754,0.0995440445829567,"Senior",89.2,134,212,45,13,39,3,21,7,11,0
"142",452,2707946,0.218479089788583,"Senior",57.9,296,89,54,10,30,3,20,4,6,0
"143",454,2796656,0.00582686531811042,NA,38.9,292,135,46,18,18,1,2,2,3,11
"144",455,1286055,0.0100826344259429,"Adult",40.9,246,171,0,20,20,1,4,3,0,13
"145",461,2248557,0.24614366208921,"Adult",60.9,284,233,67,5,10,2,2,0,1,7
"146",465,2985252,0.918413242603179,"Adult",70.1,300,160,40,49,25,0.510204082,15,5,3,2
"147",467,3009081,0.0237026719446858,"Senior",55.9,131,293,36,14,42,3,17,0,0,25
"148",472,1251035,0.0399052477789342,"Adult",37.6,144,192,17,19,38,2,11,6,11,10
"149",474,2331748,0.678214966961977,"Student",78.8,346,246,4,14,42,3,38,0,1,3
"150",475,2394614,0.0158101096324119,NA,97,211,101,37,14,28,2,2,1,3,22
"151",478,1388428,0.0577752425563936,"Senior",NA,89,NA,NA,21,42,2,18,10,14,0
"152",479,2203062,0.017287380785985,NA,93.9,205,220,67,19,38,2,2,1,2,33
"153",482,1897201,0.0254266712256751,"Senior",47.1,163,196,23,13,26,2,19,1,3,3
"154",486,1333461,0.294349557461636,"Adult",118.9,316,201,13,27,54,2,6,14,4,30
"155",489,1760148,0.418486043896664,"Student",30.5,63,92,45,45,45,1,1,2,42,0
"156",493,1616800,0.0813278598438007,"Adult",52.3,189,144,30,28,56,2,22,8,12,14
"157",496,1335081,0.0840840676830003,"Senior",47.8,187,225,43,19,38,2,5,8,7,18
"158",499,2000958,0.717954525832973,"Adult",77,109,126,56,41,25,0.609756098,5,0,1,19
"159",502,1257148,0.0323661935326459,"Student",64.1,152,119,32,20,40,2,28,1,1,10
"160",506,3223289,0.0644418414941352,"Adult",101.9,281,174,22,24,24,1,6,3,4,11
"161",508,1573502,0.0380779644211149,NA,65,135,211,5,12,36,3,0,5,2,29
"162",514,1258772,0.109712396659369,"Student",70.9,200,143,17,17,34,2,4,4,13,13
"163",516,2487578,0.580953979039773,"Adult",74.6,266,168,46,37,37,1,22,2,1,12
"164",517,2572138,0.00638884009252027,NA,61.6,80,143,42,16,16,1,4,0,1,11
"165",519,2708796,0.0248436254893874,NA,62.7,119,162,53,16,32,2,19,1,1,11
"166",520,1595472,0.0759911588623615,"Adult",93.8,187,160,17,20,40,2,11,7,9,13
"167",522,1800933,0.0889516436575331,"Senior",75.8,153,107,10,12,24,2,11,2,5,6
"168",524,1268015,0.128201879941172,"Adult",74.2,208,103,73,27,81,3,10,24,1,46
"169",527,3252384,0.55972756453225,"Adult",67.1,134,337,44,31,93,3,18,9,16,50
"170",528,1519426,0.0105457871630139,"Adult",93.6,290,160,68,20,40,2,12,0,4,24
"171",534,2060818,0.00784271342336691,"Adult",61,211,130,50,19,38,2,7,0,31,0
"172",537,2295372,0.468544932232029,"Senior",76.1,140,115,36,9,27,3,19,0,5,3
"173",538,2371321,0.045918850656218,NA,95.6,109,182,93,18,18,1,1,2,15,0
"174",539,2746513,0.402010471911323,"Adult",82,21,189,49,37,111,3,42,1,17,51
"175",543,2711665,0.0524468166091222,"Adult",80.3,164,119,35,13,26,2,10,1,3,12
"176",553,1863946,0.343293985207476,NA,47.7,252,122,25,47,25,0.531914894,14,0,7,4
"177",559,2558795,0.0388661153336319,"Adult",60,122,86,47,15,30,2,24,2,3,1
"178",569,1361380,0.0548657512941899,"Adult",57.5,204,86,32,29,58,2,28,5,15,10
"179",573,2928647,0.127834196563015,"Adult",86.1,193,148,39,24,48,2,38,9,1,0
"180",575,3222987,0.53565890501463,"Adult",87,155,143,52,37,111,3,8,17,0,86
"181",588,1316578,0.0083403766770353,"Student",79.4,194,175,68,17,17,1,9,0,8,0
"182",590,1165073,0.13905566531153,"Adult",54.8,218,154,28,33,66,2,2,6,13,45
"183",591,2126445,0.000909584104465003,"Senior",64.1,200,93,23,25,25,1,0,0,0,25
"184",592,1239809,0.0087193959880739,"Adult",67.3,132,178,24,18,36,2,1,0,0,35
"185",595,2675344,0.233167680871617,NA,NA,93,NA,NA,33,66,2,1,14,1,50
"186",598,1793203,0.00639107167634006,NA,61.3,297,134,47,31,31,1,5,0,9,17
"187",609,1659342,0.186130777280506,"Adult",110,77,122,50,27,54,2,9,11,10,24
"188",611,3051341,0.135304071030017,"Senior",73.3,190,146,62,24,48,2,24,11,6,7
"189",615,3089783,0.0162039513896251,"Senior",123.5,122,103,16,27,54,2,10,0,15,29
"190",620,2355115,0.0151062713639176,"Adult",65.1,315,140,43,21,42,2,6,1,9,26
"191",621,2854453,0.0467295118053148,"Adult",64.9,235,134,28,22,66,3,15,6,2,43
"192",626,3007130,0.379486651053672,"Student",NA,275,NA,NA,10,20,2,0,6,6,8
"193",627,2271727,0.127582372036491,"Adult",NA,200,NA,NA,17,51,3,30,9,0,12
"194",631,2798361,0.0515955043431797,"Adult",45.4,196,135,37,17,34,2,18,9,5,2
"195",632,1408976,0.44479282920145,"Adult",59.8,160,155,6,7,14,2,0,5,3,6
"196",636,3300765,0.0769723572041549,"Senior",55.9,136,312,43,21,42,2,3,20,12,7
"197",642,2462867,0.83533503517798,"Senior",63.2,316,164,81,9,18,2,10,3,1,4
"198",643,1447034,0.288403025260602,"Adult",84.3,248,102,31,39,78,2,41,0,37,0
"199",644,2162743,0.0818538946699547,"Adult",56.8,149,312,52,26,52,2,13,19,0,20
"200",646,3155176,0.0693964998098911,"Adult",38.1,218,157,49,15,30,2,3,10,0,17
"201",647,1694072,0.0382861074196955,"Adult",87,278,146,58,24,48,2,10,5,2,31
"202",649,3107323,0.408712899501993,NA,63.5,257,147,57,38,76,2,68,2,6,0
"203",654,1444781,0.66643318674408,"Adult",41.4,286,269,73,9,27,3,5,0,4,18
"204",657,2245268,0.0680298941985629,"Adult",70,296,130,62,27,54,2,19,8,0,27
"205",663,2196059,0.0419127204073971,"Adult",53.1,164,151,24,17,34,2,8,6,8,12
"206",666,2190617,0.0221483183308637,NA,NA,156,NA,NA,18,36,2,10,3,1,22
"207",670,3309054,0.0902318446160993,"Senior",113.8,187,109,45,17,34,2,16,6,3,9
"208",676,3241864,0.0014469525141495,NA,41.3,327,107,41,25,50,2,11,0,29,10
"209",683,2735501,0.0400058664520786,"Adult",74.3,166,197,13,10,10,1,7,0,3,0
"210",685,1615092,0.00183237769842739,NA,48.7,160,99,45,13,13,1,0,1,2,10
"211",686,1664146,0.0447329287253342,"Adult",61.4,166,122,52,19,38,2,1,16,18,3
"212",699,1973673,0.0135691579701558,NA,83.1,302,125,24,14,28,2,0,0,22,6
"213",700,3286509,0.0130986308291416,"Senior",63.9,46,176,57,25,50,2,40,0,2,8
"214",705,3209308,0.576694197257134,NA,47.5,118,145,72,44,25,0.568181818,7,0,12,6
"215",706,1409604,0.0017596254625116,NA,43.1,174,138,38,23,46,2,33,0,10,3
"216",714,2093018,0.0119370734329464,NA,45.5,310,200,54,15,45,3,10,0,14,21
"217",725,2672557,0.00574162076186203,NA,50.5,214,152,39,25,50,2,17,1,1,31
"218",726,2503479,0.00512741552106689,NA,71.4,4,162,45,15,30,2,15,0,15,0
"219",729,2866603,0.448561223352638,NA,80,353,221,40,18,54,3,4,12,18,20
"220",735,2554060,0.106490646324903,NA,78.5,199,216,35,21,42,2,17,9,7,9
"221",736,2151665,0.0970069386574911,"Adult",61,132,264,67,25,50,2,27,6,8,9
"222",741,3164283,0.0173794145920788,"Adult",25.1,188,167,85,17,34,2,12,0,11,11
"223",745,2654414,0.0595750213434035,"Adult",50.7,197,196,18,19,38,2,21,6,0,11
"224",747,1394163,0.600610550833311,NA,90.7,250,206,3,38,76,2,31,27,0,18
"225",754,3215031,0.294520790964222,"Adult",83.3,247,301,55,30,60,2,5,13,36,6
"226",757,1729817,0.133735547570159,NA,110.4,242,117,42,24,72,3,62,8,0,2
"227",765,1761831,0.0308692088115038,"Adult",73.5,290,68,33,19,57,3,18,3,28,8
"228",766,1139537,0.565731881456774,"Adult",103.9,157,140,18,6,12,2,1,4,1,6
"229",768,3168467,0.0179875174789925,"Adult",95.6,221,189,22,24,24,1,11,0,7,6
"230",769,1670376,0.0142547596182792,NA,72.8,182,95,54,23,46,2,6,4,16,20
"231",771,1869865,0.00464890785230965,NA,63.2,22,132,61,32,64,2,37,0,0,27
"232",779,2153762,0.0313936653929838,"Adult",62.3,292,124,50,28,56,2,22,0,17,17
"233",783,3015910,0.00870544337370048,NA,53.2,273,79,20,29,58,2,36,5,0,17
"234",789,1219199,0.0296570153487079,"Adult",83.5,283,115,6,13,39,3,2,0,3,34
"235",793,1566239,0.0174921617896594,"Adult",73.4,332,166,65,16,16,1,12,1,2,1
"236",796,1208899,0.0103079454124,"Adult",49.4,206,141,40,22,22,1,11,2,1,8
"237",801,1358421,0.0083873496766251,"Adult",48.3,52,105,43,33,99,3,17,1,8,73
"238",802,1858773,0.0985847321395025,"Student",33.5,194,211,52,10,30,3,29,0,1,0
"239",804,1393725,0.00841353298907847,NA,69.8,89,243,33,18,18,1,1,0,2,15
"240",806,3049420,0.0191324228797216,"Adult",66.4,126,155,5,13,26,2,7,0,19,0
"241",810,3017377,0.0121747879513281,NA,35.5,322,159,35,13,26,2,0,4,2,20
"242",816,2298019,0.302971288039031,"Adult",109.6,161,112,32,36,108,3,4,3,0,101
"243",817,2000521,0.927999905321142,"Adult",85.9,110,175,61,44,88,2,46,0,22,20
"244",822,3059530,0.0681682307190342,"Adult",89.2,177,181,52,27,54,2,13,6,3,32
"245",835,2308384,0.0794075132770848,"Student",74.1,233,166,24,19,38,2,23,2,12,1
"246",839,1159534,0.0657223211121637,NA,49.1,119,131,51,11,22,2,0,12,0,10
"247",844,1512735,0.0249948380692137,NA,64.8,158,180,47,13,26,2,7,0,5,14
"248",845,2436078,0.0283566759651348,"Student",60.9,369,132,45,17,17,1,7,0,10,0
"249",847,3267064,0.00886050588327058,"Adult",88.7,231,166,24,20,60,3,1,0,19,40
"250",850,2586055,0.106435651542404,"Adult",77.1,245,169,41,18,36,2,17,1,4,14
"251",856,1713278,0.0119092601632629,NA,51.1,111,159,13,21,42,2,17,3,3,19
"252",857,1764442,0.389877159229721,"Adult",54.7,14,188,6,40,80,2,5,1,8,66
"253",858,1914142,0.0620915748516302,"Student",50.9,168,233,4,11,22,2,10,0,0,12
"254",861,1152497,0.0411519102577053,"Adult",85.9,183,152,46,16,32,2,6,0,8,18
"255",864,1791022,0.0169825313160187,"Adult",63.8,318,113,14,21,42,2,17,0,11,14
"256",869,1226429,0.0386955592955399,"Adult",74.6,88,184,52,12,36,3,0,0,7,29
"257",872,3320062,0.0295671698915791,"Adult",76.9,282,203,48,30,60,2,11,1,23,25
"258",873,2026831,0.053810137363896,"Student",57.5,164,117,6,25,75,3,42,11,6,16
"259",875,1537782,0.351068525533775,"Senior",59.9,234,134,36,34,68,2,23,11,21,13
"260",879,2621810,0.0926452863162931,"Adult",76.4,228,87,54,23,46,2,0,11,15,20
"261",882,1347983,0.979691985422659,"Adult",82.7,329,139,34,46,92,2,37,3,19,33
"262",884,1863383,0.261800395188827,"Adult",73.7,155,133,19,10,20,2,12,4,1,3
"263",885,2959025,0.00643590179011919,"Adult",92.1,134,133,57,21,63,3,0,0,0,63
"264",890,3196587,0.0856896582134752,"Senior",75.3,97,162,4,22,44,2,3,24,10,7
"265",893,2058395,0.106218567028128,"Senior",97.9,228,80,47,26,52,2,17,6,13,16
"266",896,1997967,0.818323298657857,"Senior",69.7,195,172,37,48,25,0.520833333,15,0,6,4
"267",898,2259104,0.12857812752572,"Adult",94.3,93,172,27,26,52,2,27,6,13,6
"268",901,1658116,0.0556285634661898,"Senior",39.2,254,78,56,12,24,2,8,6,1,9
"269",911,2780003,0.0745823791421639,NA,71.9,271,280,26,31,62,2,0,37,20,5
"270",915,2439250,0.940744361943702,"Senior",105.5,385,194,5,32,64,2,33,13,3,15
"271",916,2398492,0.288285184369648,"Student",57,152,217,32,35,105,3,13,40,7,45
"272",926,3282681,0.0026517842803292,"Adult",51.5,244,97,48,22,44,2,42,0,0,2
"273",927,1372138,0.0130864815508612,"Adult",49.9,184,230,12,22,22,1,7,5,0,10
"274",933,2702743,0.117950348980338,"Student",66.6,329,275,48,22,66,3,0,27,37,2
"275",934,1829551,0.018067552733286,NA,22,256,247,48,27,54,2,44,2,5,3
"276",935,2971339,0.0173911887748437,"Senior",85.9,234,88,44,27,54,2,42,0,6,6
"277",938,1362713,0.183839733456679,"Senior",42.9,154,204,49,9,18,2,2,1,11,4
"278",941,1544335,0.0400575115285494,NA,69.2,131,185,55,15,30,2,8,0,8,14
"279",944,2479297,0.401696456122089,"Adult",NA,159,NA,NA,7,14,2,10,1,1,2
"280",948,1205710,0.0667862463927667,"Adult",115,99,147,45,24,48,2,18,4,18,8
"281",956,2983020,0.126469028129913,"Senior",73.4,231,146,41,24,48,2,24,4,4,16
"282",961,2245028,0.0130400700647281,NA,54.1,209,138,81,22,44,2,14,4,0,26
"283",962,1681779,0.191908753644962,"Senior",69.6,188,190,34,24,72,3,7,8,7,50
"284",963,2342873,0.00345607893727175,"Senior",19.7,313,159,41,24,48,2,0,0,18,30
"285",965,2514885,0.00483246554982379,"Adult",40.2,105,134,23,29,29,1,0,3,17,9
"286",979,2217940,0.106093184689944,"Adult",110.5,66,216,69,20,40,2,29,2,9,0
"287",980,2523140,0.0300777714310921,"Adult",71.3,165,147,50,16,32,2,6,0,9,17
"288",981,2998770,0.176244030339374,"Senior",79.3,330,107,5,14,42,3,15,6,7,14
"289",983,2302049,0.00654006611211915,"Adult",60.3,279,114,68,22,22,1,7,5,7,3
"290",989,2693187,0.0526739320672103,"Student",85.6,174,105,35,15,15,1,4,6,2,3
"291",992,1328684,0.0187919059786563,NA,56.6,116,184,44,28,56,2,0,1,4,51
"292",997,3244864,0.0124032873384096,NA,52.4,183,199,53,22,44,2,31,4,0,9
"293",1002,2065163,0.0665454313116591,"Adult",92.2,227,179,59,13,39,3,15,2,0,22
"294",1003,2912175,0.00310026747581834,NA,52.6,290,89,57,22,66,3,1,1,9,55
"295",1007,1273678,0.0365938212487265,"Adult",86.2,326,102,55,10,10,1,2,0,0,8
"296",1009,2011934,0.0965704788923932,"Adult",45.1,332,162,62,10,20,2,6,0,6,8
"297",1015,2860414,0.878296625415892,"Adult",77,223,219,1,37,74,2,20,19,16,19
"298",1017,3125998,0.0635447696371694,"Adult",58.2,148,116,38,16,48,3,19,6,22,1
"299",1020,2989124,0.172118085460295,"Senior",110.7,127,122,53,15,45,3,14,3,6,22
"300",1021,1234671,0.00275226376483825,NA,63.5,203,164,43,14,14,1,7,0,0,7
"301",1022,3050456,0.992792027948301,"Adult",85.5,308,229,44,41,82,2,5,17,5,55
"302",1025,2431791,0.721850642688689,"Adult",75.9,209,137,57,41,41,1,9,0,6,26
"303",1027,1316452,0.0459353160417393,"Senior",49.8,79,110,19,14,28,2,5,2,5,16
"304",1030,1191234,0.0392167770579958,"Student",80.6,129,266,23,15,15,1,2,1,0,12
"305",1031,3016778,0.0451678130363634,"Adult",59.3,294,97,22,23,46,2,3,11,2,30
"306",1033,1540145,0.0304723495102224,"Student",54.2,225,137,54,10,10,1,0,0,0,10
"307",1043,2678444,0.0120189447508112,"Student",50.4,284,95,26,14,28,2,3,0,7,18
"308",1062,3124528,0.0369529110198439,"Adult",97.3,116,173,17,17,34,2,21,0,0,13
"309",1064,1788903,0.0484115202462209,"Senior",54.5,124,117,22,11,22,2,4,0,0,18
"310",1066,2432840,0.00223196038448569,"Adult",33.3,276,164,27,15,15,1,0,1,0,14
"311",1071,2971037,0.0252304692285691,"Adult",87.1,269,178,2,21,21,1,2,5,0,14
"312",1073,2319010,0.0626334777835794,"Adult",67.5,318,198,48,17,34,2,3,0,3,28
"313",1085,3098552,0.170707755460146,NA,70.5,241,108,5,9,27,3,8,1,0,18
"314",1090,2782319,0.0623584982926489,"Adult",73.3,189,111,57,26,52,2,12,12,19,9
"315",1096,1239512,0.00106228859964782,NA,28.2,1,167,23,15,15,1,0,0,4,11
"316",1098,2766249,0.0682305101885303,"Adult",91.3,243,148,52,17,34,2,17,3,14,0
"317",1102,2053588,0.396153234008234,"Senior",47.3,211,224,0,39,39,1,8,5,6,20
"318",1106,1680736,0.0190213225142861,"Senior",78.1,275,200,34,27,27,1,14,1,3,9
"319",1110,3261109,0.0525221224125381,NA,81.5,254,124,53,17,34,2,25,6,0,3
"320",1111,2180591,0.0546174181783953,"Student",71.5,253,114,44,17,34,2,16,3,11,4
"321",1113,2780542,0.105069082662792,"Adult",76.7,237,172,57,12,12,1,4,3,4,1
"322",1115,2275485,0.0682566648372355,"Senior",41.9,169,182,28,14,28,2,4,2,5,17
"323",1119,2509808,0.0151517807672573,NA,67.9,172,158,48,20,60,3,16,4,8,32
"324",1120,1475277,0.00111977702525738,NA,37,249,129,2,21,42,2,6,0,0,36
"325",1123,2407956,0.00867379474446213,"Adult",55.6,203,144,27,11,11,1,0,1,0,10
"326",1125,1901224,0.0589265646096625,"Adult",94.9,199,148,31,18,36,2,4,3,0,29
"327",1130,3173116,0.0678594605989169,"Senior",60,218,168,10,21,42,2,15,16,10,1
"328",1133,1384872,0.00385043095425,"Senior",52.6,308,110,30,23,46,2,0,0,23,23
"329",1134,1782664,0.0158409372465715,NA,42,177,213,46,29,58,2,19,2,21,16
"330",1138,2847259,0.00124840231181737,"Senior",61.5,104,84,63,24,24,1,4,0,0,20
"331",1140,2211764,0.00547579618544341,"Adult",56.3,158,161,50,24,24,1,14,1,5,4
"332",1142,2641240,0.945191296888482,"Senior",77.8,287,179,24,42,84,2,0,19,40,25
"333",1143,1319364,0.00523963284442541,"Adult",43.9,12,163,33,22,66,3,53,7,3,3
"334",1149,2938528,0.041736590589124,NA,86.3,328,71,24,27,81,3,0,26,3,52
"335",1153,2456644,0.0617409950791913,"Student",85.4,165,123,42,23,69,3,59,10,0,0
"336",1155,2131971,0.0184235550642946,"Senior",65.2,117,157,44,22,66,3,0,23,0,43
"337",1160,1797884,0.00773969583201504,"Senior",57.6,146,120,60,16,16,1,0,0,0,16
"338",1161,2883671,0.595863965941332,NA,55.8,264,157,33,40,80,2,32,32,7,9
"339",1163,1320429,0.48649458873978,NA,72.1,227,240,30,10,20,2,4,4,3,9
"340",1164,2194786,0.239270945285536,NA,66.3,49,120,41,37,74,2,7,8,16,43
"341",1167,2259108,0.0817673445588091,"Student",85.3,322,117,39,17,34,2,9,0,7,18
"342",1168,1232095,0.0147938551888595,"Adult",NA,266,NA,NA,29,58,2,29,0,8,21
"343",1169,2418950,0.0101744467969757,NA,45.8,192,175,28,18,36,2,27,4,2,3
"344",1171,3047031,0.0302764954024804,"Adult",62.5,190,157,46,16,48,3,8,6,0,34
"345",1173,1163138,0.0436778358366442,"Senior",79.9,307,174,38,19,38,2,24,0,11,3
"346",1174,1519916,0.0335564784871515,"Adult",100.4,116,294,30,19,38,2,10,0,0,28
"347",1175,1261342,0.015183292377444,NA,89.8,189,187,70,22,44,2,37,0,5,2
"348",1176,1472824,0.0245037801378622,"Adult",94.9,139,138,37,11,11,1,2,0,2,7
"349",1179,2340164,0.0372332024747425,"Adult",50.4,208,177,31,20,40,2,2,13,25,0
"350",1184,2055607,0.220702286664933,NA,58.3,294,126,74,15,30,2,5,9,9,7
"351",1186,2871140,0.921078582310644,NA,112.1,255,201,29,44,88,2,67,0,21,0
"352",1188,1446797,0.049104449953498,"Adult",64.8,130,255,38,15,30,2,9,0,11,10
"353",1191,2021998,0.0189331986149178,NA,92.6,158,187,35,33,33,1,0,8,0,25
"354",1195,1772230,0.00779896791855354,"Adult",34,70,144,42,13,13,1,8,0,1,4
"355",1197,2114341,0.0366647082406079,"Senior",70.3,271,192,69,16,16,1,5,0,1,10
"356",1203,2735858,0.0236843995175339,"Adult",32.9,187,219,36,23,46,2,37,7,2,0
"357",1205,2665344,0.400181630832555,NA,84,345,120,39,14,28,2,12,2,0,14
"358",1207,3045181,0.0142582491781203,"Senior",66.1,123,117,37,14,14,1,3,0,3,8
"359",1208,1894800,0.140371203660438,"Senior",65.9,292,175,51,22,44,2,17,17,0,10
"360",1212,3146340,0.0180329104954664,NA,96.1,211,130,48,19,38,2,20,0,0,18
"361",1219,3127926,0.0418563386282745,NA,85.5,88,156,36,14,42,3,20,0,6,16
"362",1221,3172084,0.0200635800146917,"Senior",59.7,251,162,7,23,23,1,7,5,9,2
"363",1225,3243905,0.0197535179970431,"Adult",80.6,276,116,29,32,32,1,9,1,1,21
"364",1227,2129085,0.59779672922151,NA,55.9,153,201,23,39,78,2,35,6,21,16
"365",1234,1181061,0.030468669060128,"Adult",59.2,199,150,38,26,52,2,0,8,0,44
"366",1237,3246676,0.0548476408156362,"Adult",72.4,213,114,21,23,46,2,2,43,1,0
"367",1240,2308910,0.0447772763311383,NA,37,378,131,31,13,13,1,2,1,5,5
"368",1241,2293910,0.0213099433266396,"Adult",71.4,236,155,19,26,26,1,1,6,0,19
"369",1242,1992097,0.123912645620721,NA,117.8,137,281,51,12,36,3,0,29,7,0
"370",1243,1664412,0.079338200142286,"Adult",40.8,250,144,45,15,30,2,12,8,1,9
"371",1244,1213571,0.00945017641020789,NA,50.3,118,95,32,26,52,2,7,14,23,8
"372",1255,2844512,0.0389741174546562,NA,52.6,293,220,38,32,64,2,12,3,7,42
"373",1257,1328773,0.054515924092124,"Student",82.1,236,110,22,14,28,2,19,0,5,4
"374",1258,3024731,0.00517939696907459,NA,69.8,194,101,9,24,48,2,4,0,15,29
"375",1259,1850142,0.00659321213153621,"Adult",75.5,207,106,39,21,42,2,19,0,0,23
"376",1268,1526241,0.0047007878311306,"Senior",NA,195,NA,NA,30,30,1,27,0,0,3
"377",1269,1341950,0.0160524640365793,"Adult",52.9,110,137,50,23,23,1,1,4,4,14
"378",1270,1145447,0.896739785552619,NA,102.3,159,179,64,41,82,2,61,3,0,18
"379",1274,3052829,0.0110154253711399,"Adult",50.4,179,146,12,23,46,2,13,2,11,20
"380",1276,2691137,0.125473956246469,"Adult",94.5,156,144,8,32,64,2,45,11,8,0
"381",1277,1129881,0.283799122454438,"Adult",76.1,99,321,31,16,32,2,0,8,10,14
"382",1281,1326860,0.00388721121096695,"Adult",38.5,198,169,28,15,15,1,6,0,0,9
"383",1289,1709535,0.249316947782346,"Adult",99.5,344,105,34,29,87,3,13,5,10,59
"384",1296,3192986,0.0537697389189234,"Adult",68.9,280,138,54,23,69,3,12,17,33,7
"385",1298,1717580,0.0710467198434201,NA,78.9,220,138,17,31,62,2,0,4,6,52
"386",1301,1342586,0.0443192993273323,NA,76.8,168,96,64,15,45,3,22,8,15,0
"387",1305,2298471,0.0438550101792505,NA,101.4,110,143,46,16,48,3,3,3,4,38
"388",1310,1988399,0.00700627191197934,NA,81.8,122,121,47,15,30,2,9,0,0,21
"389",1312,1573995,0.814472047923745,"Senior",96.8,342,215,42,25,50,2,18,20,5,7
"390",1315,1919822,0.0468241355818375,NA,69.7,214,146,68,12,24,2,13,4,5,2
"391",1317,2212449,0.00718391308369132,"Adult",66.6,276,201,62,24,24,1,0,1,3,20
"392",1324,1358080,0.0139822140704981,"Adult",43.1,36,249,35,18,54,3,0,3,16,35
"393",1326,3154290,0.0717465357885326,"Senior",57.2,227,108,44,16,48,3,6,17,4,21
"394",1334,2460430,0.0374061432834546,"Student",58.1,192,129,40,13,26,2,15,0,5,6
"395",1337,1974568,0.00425363084817754,NA,46.7,184,152,23,15,15,1,2,2,8,3
"396",1338,2296532,0.0520070606497303,"Adult",85.2,161,141,43,23,46,2,29,2,14,1
"397",1339,1641655,0.116361239866266,"Adult",69.9,180,171,81,18,54,3,29,0,8,17
"398",1349,1331893,0.0697006288977633,NA,68.2,129,188,65,10,20,2,0,0,11,9
"399",1350,2241037,0.0103013139298121,"Adult",48.8,239,131,45,19,19,1,3,2,0,14
"400",1354,1236886,0.00221582581487145,NA,82.3,96,116,28,20,20,1,6,0,0,14
"401",1356,1533140,0.060887743171157,NA,63.2,164,192,85,31,93,3,21,0,4,68
"402",1361,1952057,0.00881636436678356,"Adult",50.1,164,153,24,21,42,2,31,3,7,1
"403",1364,1280095,0.19263899839331,"Adult",52.7,383,82,54,28,56,2,1,14,19,22
"404",1365,3156286,0.990091210438836,"Adult",104.1,102,149,22,42,84,2,6,15,11,52
"405",1367,1969045,0.00318298721327702,"Senior",47.7,136,139,65,26,78,3,51,1,12,14
"406",1371,2325023,0.0734588228743909,"Senior",75,317,161,15,30,30,1,5,3,7,15
"407",1375,1672882,0.0231292372693808,"Student",91.1,271,88,56,15,30,2,8,2,0,20
"408",1376,2556814,0.0188960431520991,"Senior",74.9,38,157,5,10,10,1,2,1,0,7
"409",1377,1538315,0.0771735764368182,"Adult",92.3,222,151,51,24,48,2,0,13,4,31
"410",1380,1486150,0.0268128217316184,"Adult",66.8,122,162,47,10,10,1,1,0,4,5
"411",1382,2424748,0.0223556725266224,"Adult",45.6,219,203,41,13,26,2,1,0,9,16
"412",1387,2168311,0.181890186660518,"Student",57.4,154,125,57,11,22,2,6,1,5,10
"413",1388,2015790,0.00396063396401323,"Adult",52,271,70,59,21,42,2,25,0,0,17
"414",1389,3201517,0.0693967822025917,"Senior",100.3,276,135,64,28,56,2,9,8,10,29
"415",1393,1666972,0.00740609827308831,NA,71.9,267,97,37,23,46,2,1,3,9,33
"416",1396,1524965,0.0559815072195206,"Senior",72.2,249,138,64,30,60,2,8,7,0,45
"417",1397,1875822,0.00354827804946287,"Adult",49.2,56,145,58,18,36,2,0,0,13,23
"418",1404,3053086,0.0175613545305254,"Adult",54.7,283,117,7,20,40,2,13,2,2,23
"419",1413,1628643,0.042128651575464,"Senior",60.1,169,230,14,28,28,1,8,2,4,14
"420",1414,2731780,0.159378510629819,NA,83.4,210,127,51,15,45,3,16,14,9,6
"421",1417,1698056,0.213612023522058,"Adult",71.5,208,133,72,11,22,2,13,0,2,7
"422",1423,2556685,0.0332842814325428,"Adult",107.6,173,142,23,20,40,2,15,0,9,16
"423",1425,3012828,0.0927115424738097,"Senior",96.6,212,116,28,28,56,2,0,25,18,13
"424",1432,2703507,0.102336659031354,NA,88.4,201,176,30,34,68,2,7,5,20,36
"425",1460,2106839,0.70590707435627,"Adult",99.9,185,129,37,44,25,0.568181818,16,0,0,9
"426",1461,2648320,0.0870401034942553,NA,64.5,252,205,71,12,36,3,3,5,0,28
"427",1467,2418092,0.0382695058706075,"Adult",53.5,172,198,44,21,42,2,16,4,6,16
"428",1470,3096292,0.0117238645246048,"Senior",48,122,170,14,14,14,1,1,0,3,10
"429",1477,1253644,0.98874616434687,"Adult",104.7,125,156,24,43,86,2,35,14,21,16
"430",1482,1186066,0.0462355569163706,NA,61.1,255,188,6,30,60,2,22,4,1,33
"431",1483,1911614,0.00477504902378636,NA,71.2,225,131,22,24,72,3,45,0,22,5
"432",1484,1225251,0.474879631403298,NA,71.6,346,160,43,18,54,3,5,10,5,34
"433",1487,1498452,0.0981257044883413,"Adult",85.5,92,268,50,28,56,2,9,1,5,41
"434",1488,2158147,0.015009487667709,"Student",72.6,176,122,29,16,48,3,43,0,0,5
"435",1490,2047406,0.566965773557376,"Adult",79,205,219,36,7,14,2,4,0,0,10
"436",1491,2723628,0.146753848116542,"Adult",78.3,319,133,21,16,32,2,1,13,17,1
"437",1492,1882489,0.999016251174071,NA,61.9,340,140,71,47,94,2,36,6,16,36
"438",1499,2865056,0.134875978414304,"Adult",45.1,214,103,47,37,74,2,43,25,0,6
"439",1502,1602693,0.0241733931399085,"Adult",51.5,226,111,52,10,10,1,0,1,3,6
"440",1506,2043827,0.980347917698692,NA,66.4,150,221,19,44,88,2,3,29,4,52
"441",1507,2035582,0.0199204254329477,NA,87.8,236,149,62,19,38,2,3,2,12,21
"442",1508,3028629,0.0960301343469969,"Adult",96.6,231,139,40,14,28,2,14,7,0,7
"443",1510,1926911,0.016564504966469,"Senior",82.3,185,109,13,23,23,1,12,6,4,1
"444",1513,2425626,0.00830719351603567,"Adult",45.8,146,136,45,20,20,1,8,6,4,2
"445",1517,3299125,0.0889707480360958,NA,66.2,280,93,54,10,20,2,1,2,14,3
"446",1526,2695142,0.00479297521915375,NA,62,165,256,40,22,44,2,14,1,8,21
"447",1531,3141743,0.029279649579349,NA,72.4,209,133,56,23,46,2,5,2,4,35
"448",1532,1367702,0.00412001593380876,NA,91.8,275,102,18,28,56,2,28,1,2,25
"449",1536,2908121,0.00707621975309392,NA,NA,242,NA,NA,12,24,2,0,0,0,24
"450",1537,2962009,0.427238596211439,"Adult",65.5,264,119,44,8,16,2,0,2,8,6
"451",1539,1298236,0.498953798908313,"Adult",70.8,137,238,3,7,7,1,3,3,1,0
"452",1544,1874556,0.00256387264424479,"Senior",41.6,166,138,57,30,90,3,43,1,7,39
"453",1545,1357088,0.00119413514705274,"Senior",27.2,195,127,33,16,16,1,15,0,0,1
"454",1547,2111032,0.0185275978028382,NA,75.4,159,149,35,23,69,3,1,10,24,34
"455",1561,1239495,0.0166261374298466,NA,74.8,116,84,13,20,60,3,13,22,2,23
"456",1568,3104810,0.0707739373753093,"Senior",78.7,196,135,12,16,32,2,1,9,22,0
"457",1569,1567331,0.0117163368423722,NA,91,165,167,65,23,92,4,41,3,34,14
"458",1570,1459857,0.0392633288544047,"Adult",63.8,142,71,52,34,68,2,17,1,22,28
"459",1571,1330761,0.145473409588712,"Adult",71.9,179,99,42,34,68,2,7,11,19,31
"460",1572,1380002,0.00119477934614114,"Senior",26.9,165,88,32,27,27,1,9,1,14,3
"461",1574,2656484,0.131947876840581,"Adult",79.4,206,170,43,23,46,2,27,3,3,13
"462",1581,2133544,0.0193044587227013,"Adult",43.1,271,129,57,20,40,2,23,9,0,8
"463",1582,1112652,0.00986157377988763,"Student",NA,155,NA,NA,27,27,1,18,1,7,1
"464",1586,2459581,0.0197458626060315,"Adult",93,269,288,46,18,36,2,0,0,34,2
"465",1588,3030200,0.142411956531877,"Adult",82,183,170,37,13,39,3,2,7,11,19
"466",1594,3214900,0.0336088398375658,"Adult",94.1,183,238,33,17,51,3,9,0,10,32
"467",1602,3076045,0.0708612895251423,"Adult",70.3,142,139,39,13,13,1,0,2,1,10
"468",1603,3227784,0.0264074312431808,"Adult",NA,81,NA,NA,12,24,2,11,0,7,6
"469",1604,2878677,0.0445234803109885,"Adult",76.9,304,175,22,30,60,2,15,1,23,21
"470",1606,2213068,0.0190651406956066,"Senior",88.4,132,166,46,14,28,2,13,0,9,6
"471",1607,2314509,0.00764168826222705,NA,76,116,185,19,21,42,2,11,0,11,20
"472",1608,1498055,0.00833198117221851,NA,83.9,199,169,32,20,20,1,9,0,0,11
"473",1609,2437740,0.123781034912238,"Adult",76.5,249,170,47,18,36,2,10,4,1,21
"474",1611,2612535,0.053158347813148,NA,85.2,199,132,54,33,66,2,0,1,48,17
"475",1614,1729827,0.135722567675366,NA,NA,117,NA,NA,6,12,2,6,1,0,5
"476",1617,2056781,0.0231235839651043,"Student",61,104,156,5,25,50,2,22,1,1,26
"477",1622,1189849,0.0339853657526628,"Student",73,192,101,27,16,32,2,6,25,0,1
"478",1624,2013638,0.010796811061108,"Senior",59.4,252,87,25,20,20,1,9,2,2,7
"479",1629,1863166,0.0021810494738137,"Senior",30,172,127,14,24,72,3,15,0,24,33
"480",1631,2964020,0.0302073878231402,"Senior",65.2,76,137,66,28,56,2,10,2,17,27
"481",1632,1931910,0.00590354338503437,"Adult",34.2,76,132,25,20,40,2,5,0,20,15
"482",1637,1373612,0.00991460059988597,NA,90.7,154,69,39,24,48,2,19,4,1,24
"483",1639,3216155,0.037586597573358,"Adult",74.5,151,118,35,35,35,1,6,1,7,21
"484",1641,2218764,0.0758473066132979,"Adult",89.1,162,58,47,9,18,2,10,0,0,8
"485",1643,1565950,0.152242472556523,"Adult",72,236,222,35,13,13,1,1,2,1,9
"486",1644,2311519,0.114458078612985,"Adult",85,174,173,36,13,26,2,17,0,1,8
"487",1645,2694650,0.011457257191395,"Adult",90,229,99,18,11,11,1,6,0,1,4
"488",1650,1697421,0.0194460999819869,"Adult",79.1,182,141,42,34,34,1,0,1,8,25
"489",1655,3231481,0.10706030677878,"Senior",71.3,203,169,31,20,60,3,16,27,17,0
"490",1657,3104164,0.271390025117495,"Student",59.7,222,124,81,31,93,3,4,12,39,38
"491",1659,3198593,0.0975566200808191,"Adult",37.4,172,100,71,37,111,3,44,1,11,55
"492",1661,1952777,0.308454267137352,NA,76.7,208,175,38,7,14,2,11,1,0,2
"493",1662,1417072,0.0250170743935238,"Senior",65.8,275,160,26,18,54,3,6,3,44,1
"494",1666,2916735,0.0788735605525356,NA,40.5,263,242,81,22,44,2,17,10,14,3
"495",1669,1151500,0.389290454227224,"Adult",85.8,169,122,11,39,78,2,27,0,15,36
"496",1675,2315044,0.017736835682186,"Adult",55.3,248,122,12,13,39,3,16,1,0,22
"497",1676,3308931,0.0372314649775323,"Student",73.2,41,122,42,24,72,3,37,3,5,27
"498",1678,1815121,0.0381109094883079,"Adult",93.7,307,186,23,19,38,2,26,0,11,1
"499",1681,1196659,0.867044859272371,NA,68.4,230,146,55,42,84,2,0,1,2,81
"500",1683,2953201,0.170754116512122,"Senior",79.7,197,183,48,22,44,2,22,9,0,13
"501",1686,3291992,0.0612993653850255,NA,75.8,210,160,45,36,36,1,3,1,2,30
"502",1687,2879587,0.0240360315230191,NA,NA,105,NA,NA,12,24,2,10,0,3,11
"503",1693,1130190,0.031861373271765,NA,58.9,203,110,54,15,30,2,2,5,10,13
"504",1694,1147969,0.0849865957933562,NA,112.4,24,192,48,11,33,3,13,1,1,18
"505",1695,2627363,0.212939104732057,"Adult",66.4,133,194,13,28,56,2,29,9,2,16
"506",1698,2808042,0.0556367169763247,"Student",32,241,159,22,37,37,1,18,0,0,19
"507",1701,2030902,0.00925566957071694,NA,102.4,260,134,21,29,58,2,53,1,3,1
"508",1702,2040459,0.0202603951332175,NA,63.4,96,118,22,12,24,2,11,1,1,11
"509",1706,1651289,0.00989088738747722,"Adult",59.9,111,220,15,24,48,2,0,0,7,41
"510",1707,1810556,0.0369919745653832,NA,71.9,339,82,31,21,21,1,18,1,2,0
"511",1709,2832796,0.0527687147476536,"Adult",39.6,178,124,56,15,45,3,9,10,5,21
"512",1715,2677781,0.0237387191286303,"Adult",54.4,278,217,8,32,64,2,1,0,25,38
"513",1718,2260437,0.102908543838042,"Adult",108,219,205,61,15,45,3,11,0,3,31
"514",1726,2653764,0.00115330756600995,"Adult",36.6,11,120,38,22,22,1,10,0,4,8
"515",1729,1793723,0.0165772632472987,"Adult",69.2,309,153,41,18,54,3,31,0,0,23
"516",1730,2869378,0.0584582077901943,"Senior",94.1,260,169,11,22,44,2,18,2,0,24
"517",1731,3064795,0.970071871752504,"Senior",96,209,193,1,40,120,3,94,19,1,6
"518",1732,1986816,0.0286095584625651,"Senior",60.8,214,125,65,19,19,1,3,2,2,12
"519",1735,1850957,0.210656662416315,"Adult",83.9,157,149,36,37,74,2,27,0,22,25
"520",1738,3313353,0.477787990641121,"Senior",19,182,140,55,40,120,3,56,32,22,10
"521",1742,2255166,0.0105518238972985,"Adult",89.5,156,134,31,26,52,2,26,0,23,3
"522",1743,2600949,0.0672578802834578,NA,73,271,99,14,8,8,1,2,2,0,4
"523",1744,1553242,0.0225219160661191,"Student",85.8,141,165,20,23,46,2,35,0,11,0
"524",1752,2656935,0.00730265753327496,NA,70.2,107,165,22,13,13,1,8,0,5,0
"525",1753,1308820,0.0672550939946883,"Adult",30.5,247,202,53,16,48,3,21,2,3,22
"526",1755,2187740,0.448760912073059,NA,82.2,131,193,79,32,64,2,3,9,31,21
"527",1763,2115807,0.550827074516901,"Senior",58.7,85,160,28,40,80,2,8,5,19,48
"528",1764,1807128,0.0175299712700546,"Adult",74.3,130,147,32,17,17,1,0,5,0,12
"529",1765,3257971,0.11676951473259,"Adult",89.5,75,130,25,35,70,2,44,2,1,23
"530",1766,1754034,0.0140540888525772,"Student",65.3,121,173,38,17,17,1,5,1,0,11
"531",1768,1660798,0.00393196400731117,NA,83.1,145,144,67,26,26,1,0,0,9,17
"532",1770,1631490,0.301760570812838,"Adult",76.2,132,147,32,33,99,3,32,50,16,1
"533",1774,2940609,0.022264201148057,"Student",87.5,269,156,23,14,28,2,16,0,11,1
"534",1775,2721896,0.136987615315932,"Adult",75.9,167,130,40,37,37,1,6,0,5,26
"535",1776,2272710,0.0381233251829631,"Adult",58.1,240,231,67,16,32,2,18,0,0,14
"536",1778,3291854,0.255682985647267,"Senior",73.7,310,84,36,34,68,2,9,13,30,16
"537",1781,1190350,0.00349147967231248,NA,45.1,161,128,6,14,28,2,2,1,2,23
"538",1790,1345404,0.0250257618889485,"Adult",62.5,205,181,16,18,36,2,10,0,1,25
"539",1791,1479302,0.00220441121695513,"Adult",31.1,115,115,41,27,27,1,0,6,21,0
"540",1795,2790180,0.0212411230360363,NA,62.8,168,124,33,17,51,3,8,10,11,22
"541",1800,3149432,0.0366133622321937,NA,54.9,52,221,22,17,34,2,6,16,3,9
"542",1811,2550752,0.00602473111963531,"Adult",68.6,126,60,58,27,54,2,29,0,25,0
"543",1813,2829057,0.169203565813898,NA,68.2,140,118,67,8,16,2,10,0,2,4
"544",1815,2841832,0.0464501350745735,"Adult",70.6,254,137,25,22,44,2,13,12,0,19
"545",1818,1529311,0.0321269995527836,NA,73.5,174,168,40,19,38,2,17,7,14,0
"546",1819,1533251,0.0161644648118577,"Senior",68.9,249,150,10,29,58,2,1,0,22,35
"547",1820,2201085,0.0743954600588569,NA,61.5,205,311,41,12,24,2,15,8,0,1
"548",1823,2155036,0.0209736263090221,"Senior",86.3,137,130,58,19,19,1,4,0,3,12
"549",1824,1447614,0.594297706309492,"Adult",89.9,367,157,62,10,30,3,5,1,4,20
"550",1828,2980141,0.107703145084872,"Adult",101.1,214,133,26,13,26,2,13,5,7,1
"551",1829,1211502,0.0323520375086479,"Adult",68.7,168,159,45,30,90,3,15,19,20,36
"552",1837,2744994,0.882469320326028,"Adult",117.7,154,128,3,40,80,2,3,58,2,17
"553",1840,1365237,0.285670845473652,"Adult",58.5,206,121,50,11,22,2,1,5,1,15
"554",1850,2790299,0.00527515464821475,NA,79,272,151,53,28,28,1,7,0,1,20
"555",1855,1192846,0.199741618768874,"Adult",25.6,320,118,13,39,78,2,44,4,27,3
"556",1859,2797538,0.0141700098206609,"Adult",58.6,240,117,25,17,17,1,1,1,5,10
"557",1861,2019026,0.00589054087519355,"Student",65.3,171,147,66,20,40,2,0,0,18,22
"558",1865,2406186,0.0275846964247765,"Adult",68.5,255,124,59,17,51,3,14,0,15,22
"559",1874,2690429,0.122577456595619,"Adult",66.1,200,136,22,16,32,2,2,6,6,18
"560",1894,1783908,0.299955032012325,"Adult",52.3,147,120,9,39,78,2,9,4,25,40
"561",1895,1228599,0.0379740596414566,"Adult",73,113,263,44,30,60,2,60,0,0,0
"562",1897,1536921,0.187063719666581,"Student",68.4,172,171,32,15,30,2,6,2,8,14
"563",1902,2147078,0.0502003544234658,"Adult",75.7,207,194,47,27,54,2,0,3,29,22
"564",1904,1991882,0.418268921970763,"Adult",72.8,260,56,71,38,76,2,24,0,18,34
"565",1912,3076194,0.0519094528900349,NA,62.9,142,120,70,23,46,2,27,6,3,10
"566",1914,2490304,0.0171631235177782,NA,40.8,201,186,1,32,32,1,16,3,7,6
"567",1915,1553434,0.130773424752695,NA,75.3,137,148,29,10,20,2,0,0,5,15
"568",1920,2660374,0.507247254651158,"Adult",66.7,99,176,38,7,14,2,8,1,1,4
"569",1921,2169633,0.336166899670384,"Student",87.2,103,213,42,32,64,2,36,7,19,2
"570",1922,2661980,0.0156477035900973,NA,70.4,95,198,66,17,17,1,8,2,2,5
"571",1924,3183354,0.0261409584876679,NA,102,206,134,65,12,24,2,16,1,6,1
"572",1928,2165346,0.00373054800273161,"Senior",70.6,131,109,27,28,28,1,4,1,22,1
"573",1929,1855754,0.753370275855682,"Adult",54.8,262,139,40,42,25,0.595238095,19,0,3,3
"574",1931,2273274,0.017725868928877,NA,90,177,178,22,20,40,2,20,0,5,15
"575",1933,2397200,0.00435899556026389,"Adult",88.9,189,109,20,20,20,1,3,0,2,15
"576",1934,2746560,0.0257203794749583,NA,51.8,244,183,41,20,40,2,4,7,9,20
"577",1936,2851255,0.0469444718150364,NA,73.3,137,133,57,23,46,2,18,2,8,18
"578",1944,2927246,0.0878056316269817,"Student",78.4,309,168,20,23,69,3,40,6,0,23
"579",1946,2010376,0.00931145855061501,"Adult",62.3,228,152,55,16,16,1,3,0,0,13
"580",1947,1624508,0.00916117442251375,"Adult",40.8,181,108,51,14,28,2,6,1,10,11
"581",1951,1291938,0.00333987106253962,NA,57.2,301,93,49,25,25,1,2,0,8,15
"582",1952,1765463,0.127383254007974,"Adult",65.2,226,128,10,16,48,3,37,5,1,5
"583",1953,2002473,0.0322642227950938,NA,NA,172,NA,NA,13,26,2,10,2,0,14
"584",1956,1334991,0.00829256536329439,NA,69.7,186,271,23,22,44,2,0,0,28,16
"585",1957,3051140,0.0540157898296509,NA,105,212,171,55,19,38,2,16,0,4,18
"586",1960,2182137,0.0386133261464145,"Adult",97.1,251,134,36,13,26,2,6,1,0,19
"587",1961,3228999,0.0317184722020077,"Adult",63.4,181,175,35,13,39,3,20,0,11,8
"588",1965,1187770,0.0221014613925671,"Adult",55.6,274,159,30,28,28,1,8,2,6,12
"589",1967,1859154,0.0201195247443805,"Adult",32.6,171,143,81,31,31,1,8,1,5,17
"590",1971,1692091,0.0105459878358552,NA,69.6,154,223,28,14,28,2,27,1,0,0
"591",1973,3115408,0.0185564903530839,"Adult",80,231,120,1,33,33,1,8,0,0,25
"592",1974,2383493,0.160218664475888,NA,68.8,200,246,77,16,32,2,19,0,2,11
"593",1975,1949970,0.00385149536806731,"Senior",57.5,128,129,53,28,84,3,49,0,0,35
"594",1978,3221343,0.967532573604842,"Adult",51,260,248,23,43,86,2,6,11,0,69
"595",1979,2051329,0.358125918430552,"Adult",81.2,129,197,64,34,102,3,82,10,10,0
"596",1985,1613870,0.0414065136526823,"Adult",40.1,70,92,20,11,33,3,16,8,9,0
"597",1991,1351494,0.0624024684406826,"Adult",80.1,257,144,33,34,68,2,14,1,12,41
"598",1992,2030288,0.0129815275643934,NA,86.9,191,128,39,20,40,2,2,4,4,30
"599",1997,2549752,0.0216534680811705,"Adult",90.7,260,134,40,25,50,2,8,4,33,5
"600",1998,2440356,0.00448067486346619,NA,54,198,172,23,26,52,2,31,0,21,0
